,data_filepath,topics,alpha,eta,iterations,passes,decay,coherence
0,data\mwe_lemmas_stems_nopunct_nostopw_bigram_trigram.json.gz,10,symmetric,auto,50,1,0.5,0.10713528849190372
1,data\mwe_lemmas_stems_nopunct_nostopw_bigram_trigram.json.gz,10,symmetric,auto,50,1,0.99,0.07652829016442327
2,data\mwe_lemmas_stems_nopunct_nostopw_bigram_trigram.json.gz,10,symmetric,auto,50,10,0.5,0.26614944911911
3,data\mwe_lemmas_stems_nopunct_nostopw_bigram_trigram.json.gz,10,symmetric,auto,50,10,0.99,0.12021400336384107
4,data\mwe_lemmas_stems_nopunct_nostopw_bigram_trigram.json.gz,10,symmetric,auto,100,1,0.5,0.09782586686007344
5,data\mwe_lemmas_stems_nopunct_nostopw_bigram_trigram.json.gz,10,symmetric,auto,100,1,0.99,0.07736601374662196
6,data\mwe_lemmas_stems_nopunct_nostopw_bigram_trigram.json.gz,10,symmetric,auto,100,10,0.5,0.252036836927113
7,data\mwe_lemmas_stems_nopunct_nostopw_bigram_trigram.json.gz,10,symmetric,auto,100,10,0.99,0.10629905814229215
8,data\mwe_lemmas_stems_nopunct_nostopw_bigram_trigram.json.gz,10,symmetric,0.001,50,1,0.5,0.10830412251935342
9,data\mwe_lemmas_stems_nopunct_nostopw_bigram_trigram.json.gz,10,symmetric,0.001,50,1,0.99,0.07755047918323363
10,data\mwe_lemmas_stems_nopunct_nostopw_bigram_trigram.json.gz,10,symmetric,0.001,50,10,0.5,0.23586800866707014
11,data\mwe_lemmas_stems_nopunct_nostopw_bigram_trigram.json.gz,10,symmetric,0.001,50,10,0.99,0.11670405582942056
12,data\mwe_lemmas_stems_nopunct_nostopw_bigram_trigram.json.gz,10,symmetric,0.001,100,1,0.5,0.0985863365907132
13,data\mwe_lemmas_stems_nopunct_nostopw_bigram_trigram.json.gz,10,symmetric,0.001,100,1,0.99,0.07766407997976954
14,data\mwe_lemmas_stems_nopunct_nostopw_bigram_trigram.json.gz,10,symmetric,0.001,100,10,0.5,0.24564796942005018
15,data\mwe_lemmas_stems_nopunct_nostopw_bigram_trigram.json.gz,10,symmetric,0.001,100,10,0.99,0.10857142979777534
16,data\mwe_lemmas_stems_nopunct_nostopw_bigram_trigram.json.gz,10,symmetric,0.01,50,1,0.5,0.11043373137651306
17,data\mwe_lemmas_stems_nopunct_nostopw_bigram_trigram.json.gz,10,symmetric,0.01,50,1,0.99,0.07686162235807081
18,data\mwe_lemmas_stems_nopunct_nostopw_bigram_trigram.json.gz,10,symmetric,0.01,50,10,0.5,0.23654984007944307
19,data\mwe_lemmas_stems_nopunct_nostopw_bigram_trigram.json.gz,10,symmetric,0.01,50,10,0.99,0.1155361874272078
20,data\mwe_lemmas_stems_nopunct_nostopw_bigram_trigram.json.gz,10,symmetric,0.01,100,1,0.5,0.100008808897845
21,data\mwe_lemmas_stems_nopunct_nostopw_bigram_trigram.json.gz,10,symmetric,0.01,100,1,0.99,0.07815972841154109
22,data\mwe_lemmas_stems_nopunct_nostopw_bigram_trigram.json.gz,10,symmetric,0.01,100,10,0.5,0.24161414865217404
23,data\mwe_lemmas_stems_nopunct_nostopw_bigram_trigram.json.gz,10,symmetric,0.01,100,10,0.99,0.10406019446853107
24,data\mwe_lemmas_stems_nopunct_nostopw_bigram_trigram.json.gz,10,asymmetric,auto,50,1,0.5,0.12174171517959309
25,data\mwe_lemmas_stems_nopunct_nostopw_bigram_trigram.json.gz,10,asymmetric,auto,50,1,0.99,0.07834014611196266
26,data\mwe_lemmas_stems_nopunct_nostopw_bigram_trigram.json.gz,10,asymmetric,auto,50,10,0.5,0.39264080643584437
27,data\mwe_lemmas_stems_nopunct_nostopw_bigram_trigram.json.gz,10,asymmetric,auto,50,10,0.99,0.10686826816899897
28,data\mwe_lemmas_stems_nopunct_nostopw_bigram_trigram.json.gz,10,asymmetric,auto,100,1,0.5,0.10615274659578222
29,data\mwe_lemmas_stems_nopunct_nostopw_bigram_trigram.json.gz,10,asymmetric,auto,100,1,0.99,0.07730216810758697
30,data\mwe_lemmas_stems_nopunct_nostopw_bigram_trigram.json.gz,10,asymmetric,auto,100,10,0.5,0.3900052091692319
31,data\mwe_lemmas_stems_nopunct_nostopw_bigram_trigram.json.gz,10,asymmetric,auto,100,10,0.99,0.09953577970038849
32,data\mwe_lemmas_stems_nopunct_nostopw_bigram_trigram.json.gz,10,asymmetric,0.001,50,1,0.5,0.10537991794130283
33,data\mwe_lemmas_stems_nopunct_nostopw_bigram_trigram.json.gz,10,asymmetric,0.001,50,1,0.99,0.07748268084168401
34,data\mwe_lemmas_stems_nopunct_nostopw_bigram_trigram.json.gz,10,asymmetric,0.001,50,10,0.5,0.2468013012559925
35,data\mwe_lemmas_stems_nopunct_nostopw_bigram_trigram.json.gz,10,asymmetric,0.001,50,10,0.99,0.09769907064736974
36,data\mwe_lemmas_stems_nopunct_nostopw_bigram_trigram.json.gz,10,asymmetric,0.001,100,1,0.5,0.09551120300876599
37,data\mwe_lemmas_stems_nopunct_nostopw_bigram_trigram.json.gz,10,asymmetric,0.001,100,1,0.99,0.07910680145239249
38,data\mwe_lemmas_stems_nopunct_nostopw_bigram_trigram.json.gz,10,asymmetric,0.001,100,10,0.5,0.2642144500087189
39,data\mwe_lemmas_stems_nopunct_nostopw_bigram_trigram.json.gz,10,asymmetric,0.001,100,10,0.99,0.09607087349618101
40,data\mwe_lemmas_stems_nopunct_nostopw_bigram_trigram.json.gz,10,asymmetric,0.01,50,1,0.5,0.10309989867609937
41,data\mwe_lemmas_stems_nopunct_nostopw_bigram_trigram.json.gz,10,asymmetric,0.01,50,1,0.99,0.07660613361074073
42,data\mwe_lemmas_stems_nopunct_nostopw_bigram_trigram.json.gz,10,asymmetric,0.01,50,10,0.5,0.27358943007537573
43,data\mwe_lemmas_stems_nopunct_nostopw_bigram_trigram.json.gz,10,asymmetric,0.01,50,10,0.99,0.09970634475096507
44,data\mwe_lemmas_stems_nopunct_nostopw_bigram_trigram.json.gz,10,asymmetric,0.01,100,1,0.5,0.10265395039576722
45,data\mwe_lemmas_stems_nopunct_nostopw_bigram_trigram.json.gz,10,asymmetric,0.01,100,1,0.99,0.07916523962030819
46,data\mwe_lemmas_stems_nopunct_nostopw_bigram_trigram.json.gz,10,asymmetric,0.01,100,10,0.5,0.2708042659293069
47,data\mwe_lemmas_stems_nopunct_nostopw_bigram_trigram.json.gz,10,asymmetric,0.01,100,10,0.99,0.09505993766717422
48,data\mwe_lemmas_stems_nopunct_nostopw_bigram_trigram.json.gz,10,0.001,auto,50,1,0.5,0.09487552288227523
49,data\mwe_lemmas_stems_nopunct_nostopw_bigram_trigram.json.gz,10,0.001,auto,50,1,0.99,0.07940614314308134
50,data\mwe_lemmas_stems_nopunct_nostopw_bigram_trigram.json.gz,10,0.001,auto,50,10,0.5,0.24887577526151555
51,data\mwe_lemmas_stems_nopunct_nostopw_bigram_trigram.json.gz,10,0.001,auto,50,10,0.99,0.11174438142923437
52,data\mwe_lemmas_stems_nopunct_nostopw_bigram_trigram.json.gz,10,0.001,auto,100,1,0.5,0.09501022796226025
53,data\mwe_lemmas_stems_nopunct_nostopw_bigram_trigram.json.gz,10,0.001,auto,100,1,0.99,0.0720250072351778
54,data\mwe_lemmas_stems_nopunct_nostopw_bigram_trigram.json.gz,10,0.001,auto,100,10,0.5,0.23996142660900363
55,data\mwe_lemmas_stems_nopunct_nostopw_bigram_trigram.json.gz,10,0.001,auto,100,10,0.99,0.09484048449396817
56,data\mwe_lemmas_stems_nopunct_nostopw_bigram_trigram.json.gz,10,0.001,0.001,50,1,0.5,0.09202087401550843
57,data\mwe_lemmas_stems_nopunct_nostopw_bigram_trigram.json.gz,10,0.001,0.001,50,1,0.99,0.07481458044853347
58,data\mwe_lemmas_stems_nopunct_nostopw_bigram_trigram.json.gz,10,0.001,0.001,50,10,0.5,0.22586502985968768
59,data\mwe_lemmas_stems_nopunct_nostopw_bigram_trigram.json.gz,10,0.001,0.001,50,10,0.99,0.09965488962035006
60,data\mwe_lemmas_stems_nopunct_nostopw_bigram_trigram.json.gz,10,0.001,0.001,100,1,0.5,0.09252379222660576
61,data\mwe_lemmas_stems_nopunct_nostopw_bigram_trigram.json.gz,10,0.001,0.001,100,1,0.99,0.07452092869795424
62,data\mwe_lemmas_stems_nopunct_nostopw_bigram_trigram.json.gz,10,0.001,0.001,100,10,0.5,0.21415009144891256
63,data\mwe_lemmas_stems_nopunct_nostopw_bigram_trigram.json.gz,10,0.001,0.001,100,10,0.99,0.10014301219833525
64,data\mwe_lemmas_stems_nopunct_nostopw_bigram_trigram.json.gz,10,0.001,0.01,50,1,0.5,0.09224649558710948
65,data\mwe_lemmas_stems_nopunct_nostopw_bigram_trigram.json.gz,10,0.001,0.01,50,1,0.99,0.07481458044853347
66,data\mwe_lemmas_stems_nopunct_nostopw_bigram_trigram.json.gz,10,0.001,0.01,50,10,0.5,0.2294396845102283
67,data\mwe_lemmas_stems_nopunct_nostopw_bigram_trigram.json.gz,10,0.001,0.01,50,10,0.99,0.09947982087169786
68,data\mwe_lemmas_stems_nopunct_nostopw_bigram_trigram.json.gz,10,0.001,0.01,100,1,0.5,0.08418818555643517
69,data\mwe_lemmas_stems_nopunct_nostopw_bigram_trigram.json.gz,10,0.001,0.01,100,1,0.99,0.07477494327985995
70,data\mwe_lemmas_stems_nopunct_nostopw_bigram_trigram.json.gz,10,0.001,0.01,100,10,0.5,0.21352944975743307
71,data\mwe_lemmas_stems_nopunct_nostopw_bigram_trigram.json.gz,10,0.001,0.01,100,10,0.99,0.09920852742002036
72,data\mwe_lemmas_stems_nopunct_nostopw_bigram_trigram.json.gz,10,0.01,auto,50,1,0.5,0.1001185620393106
73,data\mwe_lemmas_stems_nopunct_nostopw_bigram_trigram.json.gz,10,0.01,auto,50,1,0.99,0.07927627969297749
74,data\mwe_lemmas_stems_nopunct_nostopw_bigram_trigram.json.gz,10,0.01,auto,50,10,0.5,0.25273884379545286
75,data\mwe_lemmas_stems_nopunct_nostopw_bigram_trigram.json.gz,10,0.01,auto,50,10,0.99,0.11557684514492213
76,data\mwe_lemmas_stems_nopunct_nostopw_bigram_trigram.json.gz,10,0.01,auto,100,1,0.5,0.09231840757239217
77,data\mwe_lemmas_stems_nopunct_nostopw_bigram_trigram.json.gz,10,0.01,auto,100,1,0.99,0.07466377566639018
78,data\mwe_lemmas_stems_nopunct_nostopw_bigram_trigram.json.gz,10,0.01,auto,100,10,0.5,0.2293510757162597
79,data\mwe_lemmas_stems_nopunct_nostopw_bigram_trigram.json.gz,10,0.01,auto,100,10,0.99,0.09628019351514218
80,data\mwe_lemmas_stems_nopunct_nostopw_bigram_trigram.json.gz,10,0.01,0.001,50,1,0.5,0.09967116626847262
81,data\mwe_lemmas_stems_nopunct_nostopw_bigram_trigram.json.gz,10,0.01,0.001,50,1,0.99,0.07704123528487651
82,data\mwe_lemmas_stems_nopunct_nostopw_bigram_trigram.json.gz,10,0.01,0.001,50,10,0.5,0.22925872976160783
83,data\mwe_lemmas_stems_nopunct_nostopw_bigram_trigram.json.gz,10,0.01,0.001,50,10,0.99,0.10799369280852593
84,data\mwe_lemmas_stems_nopunct_nostopw_bigram_trigram.json.gz,10,0.01,0.001,100,1,0.5,0.08901000092769865
85,data\mwe_lemmas_stems_nopunct_nostopw_bigram_trigram.json.gz,10,0.01,0.001,100,1,0.99,0.07711837115766476
86,data\mwe_lemmas_stems_nopunct_nostopw_bigram_trigram.json.gz,10,0.01,0.001,100,10,0.5,0.2153966509893855
87,data\mwe_lemmas_stems_nopunct_nostopw_bigram_trigram.json.gz,10,0.01,0.001,100,10,0.99,0.09715878357995425
88,data\mwe_lemmas_stems_nopunct_nostopw_bigram_trigram.json.gz,10,0.01,0.01,50,1,0.5,0.09568191085050884
89,data\mwe_lemmas_stems_nopunct_nostopw_bigram_trigram.json.gz,10,0.01,0.01,50,1,0.99,0.0787386116415204
90,data\mwe_lemmas_stems_nopunct_nostopw_bigram_trigram.json.gz,10,0.01,0.01,50,10,0.5,0.23248269315380904
91,data\mwe_lemmas_stems_nopunct_nostopw_bigram_trigram.json.gz,10,0.01,0.01,50,10,0.99,0.11186355153687015
92,data\mwe_lemmas_stems_nopunct_nostopw_bigram_trigram.json.gz,10,0.01,0.01,100,1,0.5,0.08759924082601016
93,data\mwe_lemmas_stems_nopunct_nostopw_bigram_trigram.json.gz,10,0.01,0.01,100,1,0.99,0.07401070474311425
94,data\mwe_lemmas_stems_nopunct_nostopw_bigram_trigram.json.gz,10,0.01,0.01,100,10,0.5,0.21184640497988108
95,data\mwe_lemmas_stems_nopunct_nostopw_bigram_trigram.json.gz,10,0.01,0.01,100,10,0.99,0.09742903024612212
96,data\mwe_lemmas_stems_nopunct_nostopw_bigram_trigram.json.gz,30,symmetric,auto,50,1,0.5,0.21031531299722406
97,data\mwe_lemmas_stems_nopunct_nostopw_bigram_trigram.json.gz,30,symmetric,auto,50,1,0.99,0.1408664285863055
98,data\mwe_lemmas_stems_nopunct_nostopw_bigram_trigram.json.gz,30,symmetric,auto,50,10,0.5,0.3980720854637478
99,data\mwe_lemmas_stems_nopunct_nostopw_bigram_trigram.json.gz,30,symmetric,auto,50,10,0.99,0.2002634791136422
100,data\mwe_lemmas_stems_nopunct_nostopw_bigram_trigram.json.gz,30,symmetric,auto,100,1,0.5,0.20213553519075766
101,data\mwe_lemmas_stems_nopunct_nostopw_bigram_trigram.json.gz,30,symmetric,auto,100,1,0.99,0.14221326173550922
102,data\mwe_lemmas_stems_nopunct_nostopw_bigram_trigram.json.gz,30,symmetric,auto,100,10,0.5,0.3995471426748996
103,data\mwe_lemmas_stems_nopunct_nostopw_bigram_trigram.json.gz,30,symmetric,auto,100,10,0.99,0.20514059847609595
104,data\mwe_lemmas_stems_nopunct_nostopw_bigram_trigram.json.gz,30,symmetric,0.001,50,1,0.5,0.17439401931212203
105,data\mwe_lemmas_stems_nopunct_nostopw_bigram_trigram.json.gz,30,symmetric,0.001,50,1,0.99,0.14151545562472942
106,data\mwe_lemmas_stems_nopunct_nostopw_bigram_trigram.json.gz,30,symmetric,0.001,50,10,0.5,0.3709055811568913
107,data\mwe_lemmas_stems_nopunct_nostopw_bigram_trigram.json.gz,30,symmetric,0.001,50,10,0.99,0.20767740636050483
108,data\mwe_lemmas_stems_nopunct_nostopw_bigram_trigram.json.gz,30,symmetric,0.001,100,1,0.5,0.1726502326338892
109,data\mwe_lemmas_stems_nopunct_nostopw_bigram_trigram.json.gz,30,symmetric,0.001,100,1,0.99,0.14162913468801708
110,data\mwe_lemmas_stems_nopunct_nostopw_bigram_trigram.json.gz,30,symmetric,0.001,100,10,0.5,0.36366886779670954
111,data\mwe_lemmas_stems_nopunct_nostopw_bigram_trigram.json.gz,30,symmetric,0.001,100,10,0.99,0.1917871027936126
112,data\mwe_lemmas_stems_nopunct_nostopw_bigram_trigram.json.gz,30,symmetric,0.01,50,1,0.5,0.1798929078463814
113,data\mwe_lemmas_stems_nopunct_nostopw_bigram_trigram.json.gz,30,symmetric,0.01,50,1,0.99,0.14146335833393006
114,data\mwe_lemmas_stems_nopunct_nostopw_bigram_trigram.json.gz,30,symmetric,0.01,50,10,0.5,0.38364625115338147
115,data\mwe_lemmas_stems_nopunct_nostopw_bigram_trigram.json.gz,30,symmetric,0.01,50,10,0.99,0.20260482296581384
116,data\mwe_lemmas_stems_nopunct_nostopw_bigram_trigram.json.gz,30,symmetric,0.01,100,1,0.5,0.1695937406875729
117,data\mwe_lemmas_stems_nopunct_nostopw_bigram_trigram.json.gz,30,symmetric,0.01,100,1,0.99,0.14120984600682113
118,data\mwe_lemmas_stems_nopunct_nostopw_bigram_trigram.json.gz,30,symmetric,0.01,100,10,0.5,0.3868084141764953
119,data\mwe_lemmas_stems_nopunct_nostopw_bigram_trigram.json.gz,30,symmetric,0.01,100,10,0.99,0.2012900528537669
120,data\mwe_lemmas_stems_nopunct_nostopw_bigram_trigram.json.gz,30,asymmetric,auto,50,1,0.5,0.2662089700485012
121,data\mwe_lemmas_stems_nopunct_nostopw_bigram_trigram.json.gz,30,asymmetric,auto,50,1,0.99,0.16201608740284723
122,data\mwe_lemmas_stems_nopunct_nostopw_bigram_trigram.json.gz,30,asymmetric,auto,50,10,0.5,0.4280466823841675
123,data\mwe_lemmas_stems_nopunct_nostopw_bigram_trigram.json.gz,30,asymmetric,auto,50,10,0.99,0.26809718613118266
124,data\mwe_lemmas_stems_nopunct_nostopw_bigram_trigram.json.gz,30,asymmetric,auto,100,1,0.5,0.26619540701906136
125,data\mwe_lemmas_stems_nopunct_nostopw_bigram_trigram.json.gz,30,asymmetric,auto,100,1,0.99,0.16290725222955382
126,data\mwe_lemmas_stems_nopunct_nostopw_bigram_trigram.json.gz,30,asymmetric,auto,100,10,0.5,0.4403135873542826
127,data\mwe_lemmas_stems_nopunct_nostopw_bigram_trigram.json.gz,30,asymmetric,auto,100,10,0.99,0.27907363817728054
128,data\mwe_lemmas_stems_nopunct_nostopw_bigram_trigram.json.gz,30,asymmetric,0.001,50,1,0.5,0.2129272570285966
129,data\mwe_lemmas_stems_nopunct_nostopw_bigram_trigram.json.gz,30,asymmetric,0.001,50,1,0.99,0.16122783894854376
130,data\mwe_lemmas_stems_nopunct_nostopw_bigram_trigram.json.gz,30,asymmetric,0.001,50,10,0.5,0.382074191809978
131,data\mwe_lemmas_stems_nopunct_nostopw_bigram_trigram.json.gz,30,asymmetric,0.001,50,10,0.99,0.24328954917842793
132,data\mwe_lemmas_stems_nopunct_nostopw_bigram_trigram.json.gz,30,asymmetric,0.001,100,1,0.5,0.22037857457569685
133,data\mwe_lemmas_stems_nopunct_nostopw_bigram_trigram.json.gz,30,asymmetric,0.001,100,1,0.99,0.1601643990855133
134,data\mwe_lemmas_stems_nopunct_nostopw_bigram_trigram.json.gz,30,asymmetric,0.001,100,10,0.5,0.38797615938562685
135,data\mwe_lemmas_stems_nopunct_nostopw_bigram_trigram.json.gz,30,asymmetric,0.001,100,10,0.99,0.2559183132552814
136,data\mwe_lemmas_stems_nopunct_nostopw_bigram_trigram.json.gz,30,asymmetric,0.01,50,1,0.5,0.21465136706698418
137,data\mwe_lemmas_stems_nopunct_nostopw_bigram_trigram.json.gz,30,asymmetric,0.01,50,1,0.99,0.15981850851606155
138,data\mwe_lemmas_stems_nopunct_nostopw_bigram_trigram.json.gz,30,asymmetric,0.01,50,10,0.5,0.38077296387471765
139,data\mwe_lemmas_stems_nopunct_nostopw_bigram_trigram.json.gz,30,asymmetric,0.01,50,10,0.99,0.2460525928155091
140,data\mwe_lemmas_stems_nopunct_nostopw_bigram_trigram.json.gz,30,asymmetric,0.01,100,1,0.5,0.22974279891777707
141,data\mwe_lemmas_stems_nopunct_nostopw_bigram_trigram.json.gz,30,asymmetric,0.01,100,1,0.99,0.15771725951032922
142,data\mwe_lemmas_stems_nopunct_nostopw_bigram_trigram.json.gz,30,asymmetric,0.01,100,10,0.5,0.4118781942814605
143,data\mwe_lemmas_stems_nopunct_nostopw_bigram_trigram.json.gz,30,asymmetric,0.01,100,10,0.99,0.2592968724575354
144,data\mwe_lemmas_stems_nopunct_nostopw_bigram_trigram.json.gz,30,0.001,auto,50,1,0.5,0.19255127338445738
145,data\mwe_lemmas_stems_nopunct_nostopw_bigram_trigram.json.gz,30,0.001,auto,50,1,0.99,0.13730990903805937
146,data\mwe_lemmas_stems_nopunct_nostopw_bigram_trigram.json.gz,30,0.001,auto,50,10,0.5,0.39495683600940995
147,data\mwe_lemmas_stems_nopunct_nostopw_bigram_trigram.json.gz,30,0.001,auto,50,10,0.99,0.19724371096248736
148,data\mwe_lemmas_stems_nopunct_nostopw_bigram_trigram.json.gz,30,0.001,auto,100,1,0.5,0.19221766554317943
149,data\mwe_lemmas_stems_nopunct_nostopw_bigram_trigram.json.gz,30,0.001,auto,100,1,0.99,0.13774746397977974
150,data\mwe_lemmas_stems_nopunct_nostopw_bigram_trigram.json.gz,30,0.001,auto,100,10,0.5,0.4121324738942425
151,data\mwe_lemmas_stems_nopunct_nostopw_bigram_trigram.json.gz,30,0.001,auto,100,10,0.99,0.19809113483819032
152,data\mwe_lemmas_stems_nopunct_nostopw_bigram_trigram.json.gz,30,0.001,0.001,50,1,0.5,0.1925527498612087
153,data\mwe_lemmas_stems_nopunct_nostopw_bigram_trigram.json.gz,30,0.001,0.001,50,1,0.99,0.1376612886344032
154,data\mwe_lemmas_stems_nopunct_nostopw_bigram_trigram.json.gz,30,0.001,0.001,50,10,0.5,0.38329083381725987
155,data\mwe_lemmas_stems_nopunct_nostopw_bigram_trigram.json.gz,30,0.001,0.001,50,10,0.99,0.19073551855963727
156,data\mwe_lemmas_stems_nopunct_nostopw_bigram_trigram.json.gz,30,0.001,0.001,100,1,0.5,0.17704875289516936
157,data\mwe_lemmas_stems_nopunct_nostopw_bigram_trigram.json.gz,30,0.001,0.001,100,1,0.99,0.13986499375349865
158,data\mwe_lemmas_stems_nopunct_nostopw_bigram_trigram.json.gz,30,0.001,0.001,100,10,0.5,0.3764487647035428
159,data\mwe_lemmas_stems_nopunct_nostopw_bigram_trigram.json.gz,30,0.001,0.001,100,10,0.99,0.19931985281314749
160,data\mwe_lemmas_stems_nopunct_nostopw_bigram_trigram.json.gz,30,0.001,0.01,50,1,0.5,0.19752745025678248
161,data\mwe_lemmas_stems_nopunct_nostopw_bigram_trigram.json.gz,30,0.001,0.01,50,1,0.99,0.13812174572014502
162,data\mwe_lemmas_stems_nopunct_nostopw_bigram_trigram.json.gz,30,0.001,0.01,50,10,0.5,0.3815839342045954
163,data\mwe_lemmas_stems_nopunct_nostopw_bigram_trigram.json.gz,30,0.001,0.01,50,10,0.99,0.19391833273899042
164,data\mwe_lemmas_stems_nopunct_nostopw_bigram_trigram.json.gz,30,0.001,0.01,100,1,0.5,0.18491809428595962
165,data\mwe_lemmas_stems_nopunct_nostopw_bigram_trigram.json.gz,30,0.001,0.01,100,1,0.99,0.13921055189584772
166,data\mwe_lemmas_stems_nopunct_nostopw_bigram_trigram.json.gz,30,0.001,0.01,100,10,0.5,0.37586314706977425
167,data\mwe_lemmas_stems_nopunct_nostopw_bigram_trigram.json.gz,30,0.001,0.01,100,10,0.99,0.19920676412836671
168,data\mwe_lemmas_stems_nopunct_nostopw_bigram_trigram.json.gz,30,0.01,auto,50,1,0.5,0.19018493565521238
169,data\mwe_lemmas_stems_nopunct_nostopw_bigram_trigram.json.gz,30,0.01,auto,50,1,0.99,0.1406915008524586
170,data\mwe_lemmas_stems_nopunct_nostopw_bigram_trigram.json.gz,30,0.01,auto,50,10,0.5,0.41007979632661473
171,data\mwe_lemmas_stems_nopunct_nostopw_bigram_trigram.json.gz,30,0.01,auto,50,10,0.99,0.19886884507976252
172,data\mwe_lemmas_stems_nopunct_nostopw_bigram_trigram.json.gz,30,0.01,auto,100,1,0.5,0.19322587720609924
173,data\mwe_lemmas_stems_nopunct_nostopw_bigram_trigram.json.gz,30,0.01,auto,100,1,0.99,0.14133510397739982
174,data\mwe_lemmas_stems_nopunct_nostopw_bigram_trigram.json.gz,30,0.01,auto,100,10,0.5,0.4112280565933679
175,data\mwe_lemmas_stems_nopunct_nostopw_bigram_trigram.json.gz,30,0.01,auto,100,10,0.99,0.20508441432229452
176,data\mwe_lemmas_stems_nopunct_nostopw_bigram_trigram.json.gz,30,0.01,0.001,50,1,0.5,0.19366707359362417
177,data\mwe_lemmas_stems_nopunct_nostopw_bigram_trigram.json.gz,30,0.01,0.001,50,1,0.99,0.1398845809267803
178,data\mwe_lemmas_stems_nopunct_nostopw_bigram_trigram.json.gz,30,0.01,0.001,50,10,0.5,0.3774832130540406
179,data\mwe_lemmas_stems_nopunct_nostopw_bigram_trigram.json.gz,30,0.01,0.001,50,10,0.99,0.19847987779082701
180,data\mwe_lemmas_stems_nopunct_nostopw_bigram_trigram.json.gz,30,0.01,0.001,100,1,0.5,0.17560488918585834
181,data\mwe_lemmas_stems_nopunct_nostopw_bigram_trigram.json.gz,30,0.01,0.001,100,1,0.99,0.1408894428208756
182,data\mwe_lemmas_stems_nopunct_nostopw_bigram_trigram.json.gz,30,0.01,0.001,100,10,0.5,0.360853034884116
183,data\mwe_lemmas_stems_nopunct_nostopw_bigram_trigram.json.gz,30,0.01,0.001,100,10,0.99,0.1960664271362097
184,data\mwe_lemmas_stems_nopunct_nostopw_bigram_trigram.json.gz,30,0.01,0.01,50,1,0.5,0.1925469472460547
185,data\mwe_lemmas_stems_nopunct_nostopw_bigram_trigram.json.gz,30,0.01,0.01,50,1,0.99,0.1421660360748613
186,data\mwe_lemmas_stems_nopunct_nostopw_bigram_trigram.json.gz,30,0.01,0.01,50,10,0.5,0.3787176413928044
187,data\mwe_lemmas_stems_nopunct_nostopw_bigram_trigram.json.gz,30,0.01,0.01,50,10,0.99,0.20379185685881354
188,data\mwe_lemmas_stems_nopunct_nostopw_bigram_trigram.json.gz,30,0.01,0.01,100,1,0.5,0.1749561787657612
189,data\mwe_lemmas_stems_nopunct_nostopw_bigram_trigram.json.gz,30,0.01,0.01,100,1,0.99,0.1409319195681836
190,data\mwe_lemmas_stems_nopunct_nostopw_bigram_trigram.json.gz,30,0.01,0.01,100,10,0.5,0.39270102225014747
191,data\mwe_lemmas_stems_nopunct_nostopw_bigram_trigram.json.gz,30,0.01,0.01,100,10,0.99,0.19989989717361747
192,data\base.json.gz,10,symmetric,auto,50,1,0.5,0.3331280490064037
193,data\base.json.gz,10,symmetric,auto,50,1,0.99,0.3024295092585438
194,data\base.json.gz,10,symmetric,auto,50,10,0.5,0.39009844848430775
195,data\base.json.gz,10,symmetric,auto,50,10,0.99,0.3507323803270566
196,data\base.json.gz,10,symmetric,auto,100,1,0.5,0.33100521773802216
197,data\base.json.gz,10,symmetric,auto,100,1,0.99,0.30252636935579374
198,data\base.json.gz,10,symmetric,auto,100,10,0.5,0.39551957126404613
199,data\base.json.gz,10,symmetric,auto,100,10,0.99,0.34473749675334775
200,data\base.json.gz,10,symmetric,0.001,50,1,0.5,0.3336172836750558
201,data\base.json.gz,10,symmetric,0.001,50,1,0.99,0.30414870488855356
202,data\base.json.gz,10,symmetric,0.001,50,10,0.5,0.3872201339473743
203,data\base.json.gz,10,symmetric,0.001,50,10,0.99,0.35216720939191765
204,data\base.json.gz,10,symmetric,0.001,100,1,0.5,0.3324633939317706
205,data\base.json.gz,10,symmetric,0.001,100,1,0.99,0.30358563338824707
206,data\base.json.gz,10,symmetric,0.001,100,10,0.5,0.3868456564086866
207,data\base.json.gz,10,symmetric,0.001,100,10,0.99,0.3462838094375559
208,data\base.json.gz,10,symmetric,0.01,50,1,0.5,0.33194721400838034
209,data\base.json.gz,10,symmetric,0.01,50,1,0.99,0.30414870488855356
210,data\base.json.gz,10,symmetric,0.01,50,10,0.5,0.3895377574225474
211,data\base.json.gz,10,symmetric,0.01,50,10,0.99,0.35086589870472673
212,data\base.json.gz,10,symmetric,0.01,100,1,0.5,0.3311799604570092
213,data\base.json.gz,10,symmetric,0.01,100,1,0.99,0.30252636935579374
214,data\base.json.gz,10,symmetric,0.01,100,10,0.5,0.38863528083905596
215,data\base.json.gz,10,symmetric,0.01,100,10,0.99,0.345162275059321
216,data\base.json.gz,10,asymmetric,auto,50,1,0.5,0.32723754200111477
217,data\base.json.gz,10,asymmetric,auto,50,1,0.99,0.30454984070239155
218,data\base.json.gz,10,asymmetric,auto,50,10,0.5,0.40784737544567456
219,data\base.json.gz,10,asymmetric,auto,50,10,0.99,0.34671404048693155
220,data\base.json.gz,10,asymmetric,auto,100,1,0.5,0.3247882438083912
221,data\base.json.gz,10,asymmetric,auto,100,1,0.99,0.3011872203272438
222,data\base.json.gz,10,asymmetric,auto,100,10,0.5,0.3946244893915911
223,data\base.json.gz,10,asymmetric,auto,100,10,0.99,0.34229949422301914
224,data\base.json.gz,10,asymmetric,0.001,50,1,0.5,0.3290387852276485
225,data\base.json.gz,10,asymmetric,0.001,50,1,0.99,0.3049822841229686
226,data\base.json.gz,10,asymmetric,0.001,50,10,0.5,0.40920316873674734
227,data\base.json.gz,10,asymmetric,0.001,50,10,0.99,0.35368743985819007
228,data\base.json.gz,10,asymmetric,0.001,100,1,0.5,0.33065937350974944
229,data\base.json.gz,10,asymmetric,0.001,100,1,0.99,0.30171902355672137
230,data\base.json.gz,10,asymmetric,0.001,100,10,0.5,0.4012489698797942
231,data\base.json.gz,10,asymmetric,0.001,100,10,0.99,0.3521231191776112
232,data\base.json.gz,10,asymmetric,0.01,50,1,0.5,0.33334881407328554
233,data\base.json.gz,10,asymmetric,0.01,50,1,0.99,0.3049822841229686
234,data\base.json.gz,10,asymmetric,0.01,50,10,0.5,0.40899000988533646
235,data\base.json.gz,10,asymmetric,0.01,50,10,0.99,0.3496052841762296
236,data\base.json.gz,10,asymmetric,0.01,100,1,0.5,0.3310883108841277
237,data\base.json.gz,10,asymmetric,0.01,100,1,0.99,0.3011872203272438
238,data\base.json.gz,10,asymmetric,0.01,100,10,0.5,0.40429132581591654
239,data\base.json.gz,10,asymmetric,0.01,100,10,0.99,0.35514266744567935
240,data\base.json.gz,10,0.001,auto,50,1,0.5,0.3331916234514677
241,data\base.json.gz,10,0.001,auto,50,1,0.99,0.30330329405308676
242,data\base.json.gz,10,0.001,auto,50,10,0.5,0.3949568907730054
243,data\base.json.gz,10,0.001,auto,50,10,0.99,0.3471574817079198
244,data\base.json.gz,10,0.001,auto,100,1,0.5,0.3333457952272738
245,data\base.json.gz,10,0.001,auto,100,1,0.99,0.30058028476746934
246,data\base.json.gz,10,0.001,auto,100,10,0.5,0.3974213422935639
247,data\base.json.gz,10,0.001,auto,100,10,0.99,0.3415853193563939
248,data\base.json.gz,10,0.001,0.001,50,1,0.5,0.3312337747380058
249,data\base.json.gz,10,0.001,0.001,50,1,0.99,0.3039435750954992
250,data\base.json.gz,10,0.001,0.001,50,10,0.5,0.39338539283741253
251,data\base.json.gz,10,0.001,0.001,50,10,0.99,0.34563275398643367
252,data\base.json.gz,10,0.001,0.001,100,1,0.5,0.33119653351507
253,data\base.json.gz,10,0.001,0.001,100,1,0.99,0.29959349990910805
254,data\base.json.gz,10,0.001,0.001,100,10,0.5,0.3872957068059939
255,data\base.json.gz,10,0.001,0.001,100,10,0.99,0.3473979375454638
256,data\base.json.gz,10,0.001,0.01,50,1,0.5,0.3312337747380058
257,data\base.json.gz,10,0.001,0.01,50,1,0.99,0.3039435750954992
258,data\base.json.gz,10,0.001,0.01,50,10,0.5,0.3864604773499497
259,data\base.json.gz,10,0.001,0.01,50,10,0.99,0.3475255754005568
260,data\base.json.gz,10,0.001,0.01,100,1,0.5,0.33298272253145866
261,data\base.json.gz,10,0.001,0.01,100,1,0.99,0.3011312054148189
262,data\base.json.gz,10,0.001,0.01,100,10,0.5,0.38493109320600566
263,data\base.json.gz,10,0.001,0.01,100,10,0.99,0.34417934293588937
264,data\base.json.gz,10,0.01,auto,50,1,0.5,0.3303621025167773
265,data\base.json.gz,10,0.01,auto,50,1,0.99,0.30330329405308676
266,data\base.json.gz,10,0.01,auto,50,10,0.5,0.3942657657878062
267,data\base.json.gz,10,0.01,auto,50,10,0.99,0.3471574817079198
268,data\base.json.gz,10,0.01,auto,100,1,0.5,0.33403382146928573
269,data\base.json.gz,10,0.01,auto,100,1,0.99,0.2993928912849226
270,data\base.json.gz,10,0.01,auto,100,10,0.5,0.3978386650620405
271,data\base.json.gz,10,0.01,auto,100,10,0.99,0.34401624123621605
272,data\base.json.gz,10,0.01,0.001,50,1,0.5,0.3327907279802733
273,data\base.json.gz,10,0.01,0.001,50,1,0.99,0.3039435750954992
274,data\base.json.gz,10,0.01,0.001,50,10,0.5,0.3904366706368683
275,data\base.json.gz,10,0.01,0.001,50,10,0.99,0.34563275398643367
276,data\base.json.gz,10,0.01,0.001,100,1,0.5,0.33089856511594384
277,data\base.json.gz,10,0.01,0.001,100,1,0.99,0.3021646568370264
278,data\base.json.gz,10,0.01,0.001,100,10,0.5,0.3816990426782507
279,data\base.json.gz,10,0.01,0.001,100,10,0.99,0.3489460690763922
280,data\base.json.gz,10,0.01,0.01,50,1,0.5,0.3356686505593179
281,data\base.json.gz,10,0.01,0.01,50,1,0.99,0.3039435750954992
282,data\base.json.gz,10,0.01,0.01,50,10,0.5,0.3883146037768217
283,data\base.json.gz,10,0.01,0.01,50,10,0.99,0.3457065189056859
284,data\base.json.gz,10,0.01,0.01,100,1,0.5,0.33019934792147765
285,data\base.json.gz,10,0.01,0.01,100,1,0.99,0.2998218756969779
286,data\base.json.gz,10,0.01,0.01,100,10,0.5,0.38160656648238744
287,data\base.json.gz,10,0.01,0.01,100,10,0.99,0.3445858241843528
288,data\base.json.gz,30,symmetric,auto,50,1,0.5,0.355328321095914
289,data\base.json.gz,30,symmetric,auto,50,1,0.99,0.3179098759166434
290,data\base.json.gz,30,symmetric,auto,50,10,0.5,0.41628827468073426
291,data\base.json.gz,30,symmetric,auto,50,10,0.99,0.35755945027721603
292,data\base.json.gz,30,symmetric,auto,100,1,0.5,0.3572486615679373
293,data\base.json.gz,30,symmetric,auto,100,1,0.99,0.3180633211114591
294,data\base.json.gz,30,symmetric,auto,100,10,0.5,0.4144037739877753
295,data\base.json.gz,30,symmetric,auto,100,10,0.99,0.3640617258154657
296,data\base.json.gz,30,symmetric,0.001,50,1,0.5,0.3570359143943171
297,data\base.json.gz,30,symmetric,0.001,50,1,0.99,0.31591170794463846
298,data\base.json.gz,30,symmetric,0.001,50,10,0.5,0.4179334382447356
299,data\base.json.gz,30,symmetric,0.001,50,10,0.99,0.3611965938398202
300,data\base.json.gz,30,symmetric,0.001,100,1,0.5,0.35659421961013277
301,data\base.json.gz,30,symmetric,0.001,100,1,0.99,0.3190768096110757
302,data\base.json.gz,30,symmetric,0.001,100,10,0.5,0.4175699963820634
303,data\base.json.gz,30,symmetric,0.001,100,10,0.99,0.367273745151579
304,data\base.json.gz,30,symmetric,0.01,50,1,0.5,0.35676598200134296
305,data\base.json.gz,30,symmetric,0.01,50,1,0.99,0.3158992636534015
306,data\base.json.gz,30,symmetric,0.01,50,10,0.5,0.4170709196102825
307,data\base.json.gz,30,symmetric,0.01,50,10,0.99,0.3624451039069719
308,data\base.json.gz,30,symmetric,0.01,100,1,0.5,0.35673433929801973
309,data\base.json.gz,30,symmetric,0.01,100,1,0.99,0.31903671956163077
310,data\base.json.gz,30,symmetric,0.01,100,10,0.5,0.41854046065677536
311,data\base.json.gz,30,symmetric,0.01,100,10,0.99,0.3654960308807297
312,data\base.json.gz,30,asymmetric,auto,50,1,0.5,0.354079425055379
313,data\base.json.gz,30,asymmetric,auto,50,1,0.99,0.3152532046690219
314,data\base.json.gz,30,asymmetric,auto,50,10,0.5,0.43175070598479537
315,data\base.json.gz,30,asymmetric,auto,50,10,0.99,0.35876932234980824
316,data\base.json.gz,30,asymmetric,auto,100,1,0.5,0.35701854994248566
317,data\base.json.gz,30,asymmetric,auto,100,1,0.99,0.3167134990984357
318,data\base.json.gz,30,asymmetric,auto,100,10,0.5,0.4205924110462282
319,data\base.json.gz,30,asymmetric,auto,100,10,0.99,0.36544704298509434
320,data\base.json.gz,30,asymmetric,0.001,50,1,0.5,0.3559917576966266
321,data\base.json.gz,30,asymmetric,0.001,50,1,0.99,0.3165395385140933
322,data\base.json.gz,30,asymmetric,0.001,50,10,0.5,0.4198932720736965
323,data\base.json.gz,30,asymmetric,0.001,50,10,0.99,0.3612504245596551
324,data\base.json.gz,30,asymmetric,0.001,100,1,0.5,0.3565977033826853
325,data\base.json.gz,30,asymmetric,0.001,100,1,0.99,0.3177391987136707
326,data\base.json.gz,30,asymmetric,0.001,100,10,0.5,0.40893609765932176
327,data\base.json.gz,30,asymmetric,0.001,100,10,0.99,0.36684490542593434
328,data\base.json.gz,30,asymmetric,0.01,50,1,0.5,0.35781850207057014
329,data\base.json.gz,30,asymmetric,0.01,50,1,0.99,0.31742596918316995
330,data\base.json.gz,30,asymmetric,0.01,50,10,0.5,0.41876570267258195
331,data\base.json.gz,30,asymmetric,0.01,50,10,0.99,0.36246280152307203
332,data\base.json.gz,30,asymmetric,0.01,100,1,0.5,0.35696227404009867
333,data\base.json.gz,30,asymmetric,0.01,100,1,0.99,0.3170533602989007
334,data\base.json.gz,30,asymmetric,0.01,100,10,0.5,0.4159024732836399
335,data\base.json.gz,30,asymmetric,0.01,100,10,0.99,0.3650864888801457
336,data\base.json.gz,30,0.001,auto,50,1,0.5,0.35221110100564734
337,data\base.json.gz,30,0.001,auto,50,1,0.99,0.31421049442441173
338,data\base.json.gz,30,0.001,auto,50,10,0.5,0.42224410805199447
339,data\base.json.gz,30,0.001,auto,50,10,0.99,0.35776590095238775
340,data\base.json.gz,30,0.001,auto,100,1,0.5,0.35380251632223486
341,data\base.json.gz,30,0.001,auto,100,1,0.99,0.3159588527500732
342,data\base.json.gz,30,0.001,auto,100,10,0.5,0.41077366552275474
343,data\base.json.gz,30,0.001,auto,100,10,0.99,0.35897846339724787
344,data\base.json.gz,30,0.001,0.001,50,1,0.5,0.35528297488802263
345,data\base.json.gz,30,0.001,0.001,50,1,0.99,0.3153942526483682
346,data\base.json.gz,30,0.001,0.001,50,10,0.5,0.43405043110133923
347,data\base.json.gz,30,0.001,0.001,50,10,0.99,0.3629460999454824
348,data\base.json.gz,30,0.001,0.001,100,1,0.5,0.3557847701442788
349,data\base.json.gz,30,0.001,0.001,100,1,0.99,0.3171658069675811
350,data\base.json.gz,30,0.001,0.001,100,10,0.5,0.40792305746567953
351,data\base.json.gz,30,0.001,0.001,100,10,0.99,0.3625661505801572
352,data\base.json.gz,30,0.001,0.01,50,1,0.5,0.3559476744804915
353,data\base.json.gz,30,0.001,0.01,50,1,0.99,0.31533523924591517
354,data\base.json.gz,30,0.001,0.01,50,10,0.5,0.42508777415166654
355,data\base.json.gz,30,0.001,0.01,50,10,0.99,0.36123349578623287
356,data\base.json.gz,30,0.001,0.01,100,1,0.5,0.35536007888013077
357,data\base.json.gz,30,0.001,0.01,100,1,0.99,0.3164957081924878
358,data\base.json.gz,30,0.001,0.01,100,10,0.5,0.41416803425255716
359,data\base.json.gz,30,0.001,0.01,100,10,0.99,0.3597957971705829
360,data\base.json.gz,30,0.01,auto,50,1,0.5,0.35239770612454535
361,data\base.json.gz,30,0.01,auto,50,1,0.99,0.31370443309865625
362,data\base.json.gz,30,0.01,auto,50,10,0.5,0.4232547343605456
363,data\base.json.gz,30,0.01,auto,50,10,0.99,0.35953279167498314
364,data\base.json.gz,30,0.01,auto,100,1,0.5,0.3542613912579855
365,data\base.json.gz,30,0.01,auto,100,1,0.99,0.3145321838876914
366,data\base.json.gz,30,0.01,auto,100,10,0.5,0.4121968851694721
367,data\base.json.gz,30,0.01,auto,100,10,0.99,0.3638324888914391
368,data\base.json.gz,30,0.01,0.001,50,1,0.5,0.35665797174192526
369,data\base.json.gz,30,0.01,0.001,50,1,0.99,0.31523397909302797
370,data\base.json.gz,30,0.01,0.001,50,10,0.5,0.42505589042679
371,data\base.json.gz,30,0.01,0.001,50,10,0.99,0.3629533569487829
372,data\base.json.gz,30,0.01,0.001,100,1,0.5,0.3545897278840336
373,data\base.json.gz,30,0.01,0.001,100,1,0.99,0.3156049051783193
374,data\base.json.gz,30,0.01,0.001,100,10,0.5,0.4164088682419088
375,data\base.json.gz,30,0.01,0.001,100,10,0.99,0.36409441645441626
376,data\base.json.gz,30,0.01,0.01,50,1,0.5,0.35581565210369676
377,data\base.json.gz,30,0.01,0.01,50,1,0.99,0.3156702122883693
378,data\base.json.gz,30,0.01,0.01,50,10,0.5,0.42284912980208744
379,data\base.json.gz,30,0.01,0.01,50,10,0.99,0.3606373066861225
380,data\base.json.gz,30,0.01,0.01,100,1,0.5,0.35469373851183256
381,data\base.json.gz,30,0.01,0.01,100,1,0.99,0.31552077381076055
382,data\base.json.gz,30,0.01,0.01,100,10,0.5,0.41706727443335995
383,data\base.json.gz,30,0.01,0.01,100,10,0.99,0.36629354468583697
